"Timestamp","QueueCount","ShareCount","Workload","Repetition","Warmup","BatchMs","WorkerIndex","WorkerMs","ExitCode","Device","FsRoot"
"2026-07-23T22:46:40.9289119Z","1","1","git-clone","1","False","6300","0","6297","0","0:31","/b8c88005-c510-4d24-99d5-bab84a98d91b"
"2026-07-23T22:46:47.3163274Z","1","1","source-extract","1","False","5187","0","5185","0","0:31","/3581f843-6c1a-4176-9960-8bd3a275c9a1"
"2026-07-23T22:46:56.6749079Z","1","2","git-clone","1","False","8167","0","8158","0","0:31","/c1531744-c6fa-438e-b567-2bfe69f30a5e"
"2026-07-23T22:46:56.6749602Z","1","2","git-clone","1","False","8167","1","8165","0","0:31","/492c1d69-bff5-4318-9665-e12b66fc8a11"
"2026-07-23T22:47:06.0742475Z","1","2","source-extract","1","False","7710","0","7704","0","0:31","/d3a98fd0-89b4-43c0-b245-9bf1898c866a"
"2026-07-23T22:47:06.0742808Z","1","2","source-extract","1","False","7710","1","7709","0","0:31","/8166d7b8-a76c-43b6-9a77-266b5e222c85"
"2026-07-23T22:47:22.5315419Z","1","4","git-clone","1","False","14461","0","14458","0","0:31","/a5bad195-9d69-45e9-b0c9-85b391e0277e"
"2026-07-23T22:47:22.5315747Z","1","4","git-clone","1","False","14461","1","14432","0","0:31","/578153f4-8d05-48b0-ba62-44cd59d38a01"
"2026-07-23T22:47:22.5315898Z","1","4","git-clone","1","False","14461","2","14460","0","0:31","/f6156b92-5ba9-47b5-a1f0-f18d906fb86d"
"2026-07-23T22:47:22.5316042Z","1","4","git-clone","1","False","14461","3","14439","0","0:31","/421ac57e-078a-4ced-aa63-dbb8fc41617c"
"2026-07-23T22:47:40.5670523Z","1","4","source-extract","1","False","14843","0","14804","0","0:31","/6c336a50-d66c-4989-8488-69cf46a129cb"
"2026-07-23T22:47:40.5670875Z","1","4","source-extract","1","False","14843","1","14842","0","0:31","/442c6a4b-09f0-4afe-b1b2-cd87bfa1b597"
"2026-07-23T22:47:40.5671019Z","1","4","source-extract","1","False","14843","2","14842","0","0:31","/24cc027f-76a8-430a-9c92-b2888175b124"
"2026-07-23T22:47:40.5671160Z","1","4","source-extract","1","False","14843","3","14841","0","0:31","/df316d97-5cab-477b-9e68-1dd46dc6e129"
"2026-07-23T22:47:54.1010157Z","2","1","git-clone","1","False","6611","0","6608","0","0:31","/5f7eea41-6970-4764-9cb9-b0c266606069"
"2026-07-23T22:48:00.6290592Z","2","1","source-extract","1","False","5307","0","5306","0","0:31","/8cea550d-465a-46a0-a67c-b604248e0902"
"2026-07-23T22:48:09.9240198Z","2","2","git-clone","1","False","8160","0","8158","0","0:31","/cb46c6ae-0db5-4ee8-a31f-9a0e6ce4f020"
"2026-07-23T22:48:09.9240548Z","2","2","git-clone","1","False","8160","1","8110","0","0:31","/10bffe45-4731-4d3c-8659-07598e7002ab"
"2026-07-23T22:48:19.0908721Z","2","2","source-extract","1","False","7468","0","7410","0","0:31","/a0267328-4f72-47bc-8b1b-1ac477584b03"
"2026-07-23T22:48:19.0909049Z","2","2","source-extract","1","False","7468","1","7467","0","0:31","/7981382b-112d-4620-8b80-84df069f35c7"
"2026-07-23T22:48:36.3814395Z","2","4","git-clone","1","False","15570","0","13973","0","0:31","/ef7cc096-c43a-4166-a196-35aa8c984bb6"
"2026-07-23T22:48:36.3814729Z","2","4","git-clone","1","False","15570","1","12424","0","0:31","/87a650db-add4-4f80-9f36-ee8272b2e003"
"2026-07-23T22:48:36.3814878Z","2","4","git-clone","1","False","15570","2","13318","0","0:31","/27aed273-3c0d-4189-a2fc-04b361a16d1c"
"2026-07-23T22:48:36.3815018Z","2","4","git-clone","1","False","15570","3","15569","0","0:31","/a04a0bd1-38d4-4859-9fe7-e70f89ce5b5b"
"2026-07-23T22:48:54.5389857Z","2","4","source-extract","1","False","15246","0","12019","0","0:31","/98257d9a-657c-4593-826a-4be7b6bfccf2"
"2026-07-23T22:48:54.5390185Z","2","4","source-extract","1","False","15246","1","15244","0","0:31","/11757dfe-7822-42ba-aa42-c3e783ccbb07"
"2026-07-23T22:48:54.5390331Z","2","4","source-extract","1","False","15246","2","12527","0","0:31","/d6b7e2b3-e85b-43eb-a001-0a901f79cc11"
"2026-07-23T22:48:54.5390468Z","2","4","source-extract","1","False","15246","3","14992","0","0:31","/58e1d8cd-954b-49fe-a8d4-57b03069ea65"
"2026-07-23T22:49:07.6183542Z","4","1","git-clone","1","False","6361","0","6358","0","0:31","/87013f6c-2473-43b5-929e-4a9e326813e2"
"2026-07-23T22:49:14.1417384Z","4","1","source-extract","1","False","5340","0","5338","0","0:31","/8da158ca-0aca-4133-bacf-7faa5bb717be"
"2026-07-23T22:49:23.9327564Z","4","2","git-clone","1","False","8375","0","8373","0","0:31","/e413bad7-9b34-4e48-8dc5-10f8ba6d6e19"
"2026-07-23T22:49:23.9327897Z","4","2","git-clone","1","False","8375","1","8348","0","0:31","/451cd963-8e4a-470e-903d-c69db021fc37"
"2026-07-23T22:49:33.7581650Z","4","2","source-extract","1","False","7795","0","7792","0","0:31","/452750c4-bc6e-458b-9968-ed20bc034a5d"
"2026-07-23T22:49:33.7581990Z","4","2","source-extract","1","False","7795","1","7794","0","0:31","/2b370961-679f-43c0-ae0c-ea6aac1cd77a"
"2026-07-23T22:49:51.0301892Z","4","4","git-clone","1","False","15561","0","15560","0","0:31","/fba1828f-8b3c-4367-af06-e6a5e936f4fb"
"2026-07-23T22:49:51.0302216Z","4","4","git-clone","1","False","15561","1","13044","0","0:31","/61fa61a5-59d2-4035-8c85-3c78308cce9c"
"2026-07-23T22:49:51.0302364Z","4","4","git-clone","1","False","15561","2","13908","0","0:31","/5afb5d20-6cd7-41b0-9072-0d61059f2121"
"2026-07-23T22:49:51.0302502Z","4","4","git-clone","1","False","15561","3","11411","0","0:31","/a6a1934f-208c-45ed-8c7a-9b818ac9695f"
"2026-07-23T22:50:10.2568769Z","4","4","source-extract","1","False","15652","0","10545","0","0:31","/e7658097-27c2-42eb-b319-1f060907d556"
"2026-07-23T22:50:10.2569099Z","4","4","source-extract","1","False","15652","1","15560","0","0:31","/3e9b19fd-b22e-4432-a79a-968421574c95"
"2026-07-23T22:50:10.2569251Z","4","4","source-extract","1","False","15652","2","15650","0","0:31","/769ad0df-c0c0-48d7-844c-55f13e9349c3"
"2026-07-23T22:50:10.2569385Z","4","4","source-extract","1","False","15652","3","11616","0","0:31","/cdf42089-8a79-47a1-9d81-748ce9e88e48"
"2026-07-23T22:50:24.1358002Z","8","1","git-clone","1","False","6579","0","6576","0","0:31","/d93bddfe-544c-44a2-8c4a-c42f3519566f"
"2026-07-23T22:50:30.4661147Z","8","1","source-extract","1","False","5192","0","5190","0","0:31","/64ecdc7a-8205-46e2-92fc-4ceeb1263d37"
"2026-07-23T22:50:39.6691973Z","8","2","git-clone","1","False","8056","0","8054","0","0:31","/715ee7ee-cd6f-4b30-b373-6cf4d3f79747"
"2026-07-23T22:50:39.6692341Z","8","2","git-clone","1","False","8056","1","8048","0","0:31","/d61987d8-6572-47d9-890f-527b6b2ceabc"
"2026-07-23T22:50:49.5047297Z","8","2","source-extract","1","False","7833","0","7831","0","0:31","/886c481c-8418-473d-a920-1e753c0e3d16"
"2026-07-23T22:50:49.5047649Z","8","2","source-extract","1","False","7833","1","7686","0","0:31","/bcc6ca38-c480-4ab9-81d0-4692597224ec"
"2026-07-23T22:51:07.0806502Z","8","4","git-clone","1","False","15818","0","13194","0","0:31","/9ece2496-daec-4811-b951-801c7f496f14"
"2026-07-23T22:51:07.0806819Z","8","4","git-clone","1","False","15818","1","13624","0","0:31","/2ca29031-86d6-4908-9fab-7d92130abfee"
"2026-07-23T22:51:07.0806978Z","8","4","git-clone","1","False","15818","2","15716","0","0:31","/5e8bc987-8278-4596-adc1-6fb16f3af154"
"2026-07-23T22:51:07.0807118Z","8","4","git-clone","1","False","15818","3","15816","0","0:31","/362e1b18-180a-4833-aa33-9cbad1158059"
"2026-07-23T22:51:26.4219751Z","8","4","source-extract","1","False","16457","0","16455","0","0:31","/5e51a99f-ab1a-4dfe-892d-451b704976f7"
"2026-07-23T22:51:26.4220115Z","8","4","source-extract","1","False","16457","1","16107","0","0:31","/6272182f-e707-40d2-91d0-ea48e5e00a1b"
"2026-07-23T22:51:26.4220268Z","8","4","source-extract","1","False","16457","2","15056","0","0:31","/0b38f319-0c8c-4dee-86f4-3d6470989561"
"2026-07-23T22:51:26.4220413Z","8","4","source-extract","1","False","16457","3","14429","0","0:31","/71185a48-50a2-42d1-9d9a-b07196760209"
