"QueueCount","ShareCount","Workload","Runs","MeanBatchMs","MedianBatchMs","P95BatchMs","MeanSharesPerSecond"
"1","1","git-clone","1","6300","6300","6300","0.159"
"2","1","git-clone","1","6611","6611","6611","0.151"
"4","1","git-clone","1","6361","6361","6361","0.157"
"8","1","git-clone","1","6579","6579","6579","0.152"
"1","2","git-clone","1","8167","8167","8167","0.245"
"2","2","git-clone","1","8160","8160","8160","0.245"
"4","2","git-clone","1","8375","8375","8375","0.239"
"8","2","git-clone","1","8056","8056","8056","0.248"
"1","4","git-clone","1","14461","14461","14461","0.277"
"2","4","git-clone","1","15570","15570","15570","0.257"
"4","4","git-clone","1","15561","15561","15561","0.257"
"8","4","git-clone","1","15818","15818","15818","0.253"
"1","1","source-extract","1","5187","5187","5187","0.193"
"2","1","source-extract","1","5307","5307","5307","0.188"
"4","1","source-extract","1","5340","5340","5340","0.187"
"8","1","source-extract","1","5192","5192","5192","0.193"
"1","2","source-extract","1","7710","7710","7710","0.259"
"2","2","source-extract","1","7468","7468","7468","0.268"
"4","2","source-extract","1","7795","7795","7795","0.257"
"8","2","source-extract","1","7833","7833","7833","0.255"
"1","4","source-extract","1","14843","14843","14843","0.269"
"2","4","source-extract","1","15246","15246","15246","0.262"
"4","4","source-extract","1","15652","15652","15652","0.256"
"8","4","source-extract","1","16457","16457","16457","0.243"
